{
  "main": {
    "id": "f74483c6e30beb38",
    "type": "split",
    "children": [
      {
        "id": "8fb84afa15efbb54",
        "type": "tabs",
        "children": [
          {
            "id": "6b0c2c6b370c721b",
            "type": "leaf",
            "state": {
              "type": "markdown",
              "state": {
                "file": "Welcome.md",
                "mode": "preview",
                "source": true
              },
              "icon": "lucide-file",
              "title": "Welcome"
            }
          },
          {
            "id": "29122a5828a7750f",
            "type": "leaf",
            "state": {
              "type": "markdown",
              "state": {
                "file": "Code snippets.md",
                "mode": "preview",
                "source": true
              },
              "icon": "lucide-file",
              "title": "Code snippets"
            }
          },
          {
            "id": "c33b6fc5e0f4cb00",
            "type": "leaf",
            "state": {
              "type": "markdown",
              "state": {
                "file": "Test import.md",
                "mode": "source",
                "source": true
              },
              "icon": "lucide-file",
              "title": "Test import"
            }
          }
        ],
        "currentTab": 2
      }
    ],
    "direction": "vertical"
  },
  "left": {
    "id": "b740f31875434243",
    "type": "split",
    "children": [
      {
        "id": "01cab2dfbe937841",
        "type": "tabs",
        "children": [
          {
            "id": "0445a21f66e727b2",
            "type": "leaf",
            "state": {
              "type": "file-explorer",
              "state": {
                "sortOrder": "alphabetical",
                "autoReveal": false
              },
              "icon": "lucide-folder-closed",
              "title": "Files"
            }
          },
          {
            "id": "4c2b55d3e8f7f064",
            "type": "leaf",
            "state": {
              "type": "search",
              "state": {
                "query": "",
                "matchingCase": false,
                "explainSearch": false,
                "collapseAll": false,
                "extraContext": false,
                "sortOrder": "alphabetical"
              },
              "icon": "lucide-search",
              "title": "Search"
            }
          },
          {
            "id": "7a594e5acd8a613a",
            "type": "leaf",
            "state": {
              "type": "bookmarks",
              "state": {},
              "icon": "lucide-bookmark",
              "title": "Bookmarks"
            }
          }
        ],
        "currentTab": 1
      }
    ],
    "direction": "horizontal",
    "width": 300
  },
  "right": {
    "id": "44df0458265150be",
    "type": "split",
    "children": [
      {
        "id": "616d83bfbcf94289",
        "type": "tabs",
        "children": [
          {
            "id": "0a5fbec89dd55ad4",
            "type": "leaf",
            "state": {
              "type": "backlink",
              "state": {
                "file": "Test import.md",
                "collapseAll": false,
                "extraContext": false,
                "sortOrder": "alphabetical",
                "showSearch": false,
                "searchQuery": "",
                "backlinkCollapsed": false,
                "unlinkedCollapsed": true
              },
              "icon": "links-coming-in",
              "title": "Backlinks for Test import"
            }
          },
          {
            "id": "4dce8e5a6407ba31",
            "type": "leaf",
            "state": {
              "type": "outgoing-link",
              "state": {
                "file": "Test import.md",
                "linksCollapsed": false,
                "unlinkedCollapsed": true
              },
              "icon": "links-going-out",
              "title": "Outgoing links from Test import"
            }
          },
          {
            "id": "52706039542a1c73",
            "type": "leaf",
            "state": {
              "type": "tag",
              "state": {
                "sortOrder": "frequency",
                "useHierarchy": true,
                "showSearch": false,
                "searchQuery": ""
              },
              "icon": "lucide-tags",
              "title": "Tags"
            }
          },
          {
            "id": "6386edda0f080b99",
            "type": "leaf",
            "state": {
              "type": "all-properties",
              "state": {
                "sortOrder": "frequency",
                "showSearch": false,
                "searchQuery": ""
              },
              "icon": "lucide-archive",
              "title": "All properties"
            }
          },
          {
            "id": "39ee16119b1df15a",
            "type": "leaf",
            "state": {
              "type": "outline",
              "state": {
                "file": "Test import.md",
                "followCursor": false,
                "showSearch": false,
                "searchQuery": ""
              },
              "icon": "lucide-list",
              "title": "Outline of Test import"
            }
          }
        ],
        "currentTab": 4
      }
    ],
    "direction": "horizontal",
    "width": 300,
    "collapsed": true
  },
  "left-ribbon": {
    "hiddenItems": {
      "switcher:Open quick switcher": false,
      "graph:Open graph view": false,
      "canvas:Create new canvas": false,
      "daily-notes:Open today's daily note": false,
      "templates:Insert template": false,
      "command-palette:Open command palette": false,
      "bases:Create new base": false,
      "obsidian-importer:Open Importer": false
    }
  },
  "active": "c33b6fc5e0f4cb00",
  "lastOpenFiles": [
    "Test import.md",
    "Welcome.md",
    "Code snippets.md",
    "Code.md",
    "Untitled.base"
  ]
}